{"val_lag": 2.9473684210526314, "val_map": 0.8451796157059315, "val_global_ap": 0.23822222222222222, "val_precision": 0.25, "val_recall": 0.8888888888888888, "val_precision@1": 0.421, "val_precision@2": 0.303, "val_precision@3": 0.228, "val_precision_at_recall_95": 0.144, "val_best_threshold": 0.0, "val_tp": 32, "val_tn": 118, "val_fp": 96, "val_fn": 4, "val_avg_true_links": 0.9473684210526315, "val_f1": 0.3902439024390244, "val_f2": 0.5882352941176471, "val_loss": 7.395611763000488, "eval_lag": 2.5454545454545454, "eval_map": 0.8444354256854257, "eval_global_ap": 0.2553191489361702, "eval_precision": 0.2553191489361702, "eval_recall": 1.0, "eval_precision@1": 0.447, "eval_precision@2": 0.289, "eval_precision@3": 0.237, "eval_precision_at_recall_95": 0.2553191489361702, "eval_best_threshold": 1.0, "eval_tp": 36, "eval_tn": 109, "eval_fp": 105, "eval_fn": 0, "eval_avg_true_links": 0.9473684210526315, "eval_f1": 0.4067796610169491, "eval_f2": 0.631578947368421, "eval_loss": 7.8644585609436035, "lag": 2.5454545454545454, "map": 0.8444354256854257, "global_ap": 0.2553191489361702, "precision": 0.2553191489361702, "recall": 1.0, "precision@1": 0.447, "precision@2": 0.289, "precision@3": 0.237, "precision_at_recall_95": 0.2553191489361702, "best_threshold": 1.0, "tp": 36, "tn": 109, "fp": 105, "fn": 0, "avg_true_links": 0.9473684210526315, "f1": 0.4067796610169491, "f2": 0.631578947368421, "loss": 7.8644585609436035, "_timestamp": 1709227886.949708, "_runtime": 57.99751305580139, "_step": 0, "_wandb": {"runtime": 62}}