{
  "global_step": 7,
  "training_loss": 4.851851463317871,
  "metrics": {},
  "val_metrics": {
    "0": {
      "metrics": {
        "map": 0.24208646291979627,
        "ap": 0.0819169908856435,
        "map@1": 1.0,
        "map@2": 1.0,
        "map@3": 0.7777777777777778,
        "f1": 0.17699115044247787,
        "f2": 0.34965034965034963,
        "precision@1": 0.105,
        "precision@2": 0.053,
        "precision@3": 0.053
      }
    }
  },
  "eval_metrics": {
    "map": 0.19425862598939522,
    "ap": 0.07689384274230604,
    "map@1": 1.0,
    "map@2": 1.0,
    "map@3": 1.0,
    "f1": 0.16,
    "f2": 0.314207650273224,
    "precision@1": 0.053,
    "precision@2": 0.053,
    "precision@3": 0.035
  },
  "experimental_vars": {},
  "status": 0
}